Date,Open,High,Low,Close
7/8/2016,1360.45,1370.39,1335.47,1366.33
7/11/2016,1369.7,1375.34,1350.9,1355.4
7/12/2016,1355.38,1357.86,1330.41,1333.1
7/13/2016,1333.05,1345.41,1327.61,1342.64
7/14/2016,1342.65,1347.27,1320.35,1335.23
7/15/2016,1335.23,1339.15,1322.61,1337.45
7/18/2016,1332.45,1335.61,1323.55,1328.85
7/19/2016,1328.85,1335.13,1325.69,1332.01
7/20/2016,1332.01,1338.4,1312.74,1316.06
7/21/2016,1316.05,1333.97,1310.85,1331.43
7/22/2016,1331.15,1333.92,1319.77,1322.73
7/25/2016,1322.73,1323.81,1312.36,1315.6
7/26/2016,1315.6,1324.56,1313.8,1320.26
7/27/2016,1320.26,1342.52,1315.93,1340.08
7/28/2016,1339.38,1345.7,1332.6,1335.75
7/29/2016,1335.75,1355.11,1328.65,1351.28
8/1/2016,1350.39,1354.94,1346.45,1353.15
8/2/2016,1353.15,1367.34,1347.14,1363.57
8/3/2016,1363.88,1366.59,1354.29,1358.18
8/4/2016,1358.18,1365.13,1349.24,1361.15
8/5/2016,1361.15,1364.8,1334.87,1336
8/8/2016,1335.14,1338.33,1330,1335.31
8/9/2016,1335.31,1342.75,1330.67,1340.73
8/10/2016,1340.73,1357.37,1340.19,1346.61
8/11/2016,1346.52,1353.45,1335.86,1338.78
8/12/2016,1338.78,1356.29,1333.37,1335.97
8/15/2016,1337.89,1343.95,1335.8,1339.4
8/16/2016,1339.4,1358.21,1339.26,1346.24
8/17/2016,1346.09,1351.79,1337.4,1348.73
8/18/2016,1348.73,1356.18,1346.19,1352.36
8/19/2016,1352.46,1352.99,1337.88,1341.47
8/22/2016,1341.36,1341.36,1331.82,1339.09
8/23/2016,1339.04,1344.83,1335.24,1337.56
8/24/2016,1337.56,1340.24,1323.86,1324.13
8/25/2016,1324.14,1327.13,1318.18,1321.97
8/26/2016,1321.97,1342.36,1318.47,1321.18
8/29/2016,1320.8,1325.24,1314.99,1323.38
8/30/2016,1323.33,1325.59,1309.34,1311.11
8/31/2016,1311.11,1316.22,1304.29,1308.97
9/1/2016,1308.97,1315.25,1302.56,1313.89
9/2/2016,1313.89,1330.2,1304.83,1325.21
9/5/2016,1324.39,1328.69,1321.91,1327.08
9/6/2016,1327.37,1352.66,1325.02,1350
9/7/2016,1350,1352.74,1342.8,1345.18
9/8/2016,1345.01,1349.51,1335.5,1338.3
9/9/2016,1338.3,1339.66,1327.65,1327.83
9/12/2016,1328.3,1330.35,1320.85,1327.82
9/13/2016,1327.82,1332.15,1315.76,1319.05
9/14/2016,1319.03,1326.08,1314.24,1322.94
9/15/2016,1322.94,1328.71,1309.4,1314.75
9/16/2016,1314.75,1318.17,1306.27,1310.35
9/19/2016,1311.23,1318.56,1309.56,1313.19
9/20/2016,1313.13,1318,1312.08,1314.84
9/21/2016,1314.87,1337.06,1307.88,1335.17
9/22/2016,1335.17,1343.72,1331.33,1337.07
9/23/2016,1337.36,1340.71,1333.91,1337.56
9/26/2016,1337.23,1342.19,1332.81,1337.95
9/27/2016,1337.95,1339.68,1324.68,1327.32
9/28/2016,1327.35,1327.65,1318.06,1321.54
9/29/2016,1321.54,1325.96,1316.18,1320.37
9/30/2016,1320.37,1328.19,1313.31,1315.87
10/3/2016,1318.15,1319.69,1309.35,1311.6
10/4/2016,1311.6,1313.12,1267.08,1268.44
10/5/2016,1268.36,1277.2,1262.22,1266.85
10/6/2016,1266.85,1269.56,1249.94,1254.38
10/7/2016,1254.38,1265.48,1241.51,1257.08
10/10/2016,1257.07,1265.02,1256.72,1259.65
10/11/2016,1259.65,1262.29,1252.7,1252.8
10/12/2016,1252.71,1258.93,1249.84,1255.25
10/13/2016,1255.25,1262.39,1253.19,1258.09
10/14/2016,1258.06,1259.52,1246.21,1251.03
10/17/2016,1251.62,1257.3,1250.43,1255.85
10/18/2016,1255.84,1264.77,1255.17,1262.5
10/19/2016,1262.5,1273.45,1260.37,1269.23
10/20/2016,1269.23,1274.57,1264.95,1265.76
10/21/2016,1265.76,1268.08,1261.26,1266.46
10/24/2016,1265.9,1272.01,1260.48,1264.44
10/25/2016,1264.44,1276.78,1262.12,1273.87
10/26/2016,1274.08,1276.57,1264.79,1267.1
10/27/2016,1267.1,1272.83,1265.05,1268.4
10/28/2016,1268.4,1284.2,1262.02,1275.47
10/31/2016,1277.97,1279.65,1271.29,1277.21
11/1/2016,1277.21,1291.98,1275.64,1288.2
11/2/2016,1288.32,1308.02,1287.46,1296.81
11/3/2016,1296.81,1306.87,1285.75,1302.7
11/4/2016,1302.68,1307.25,1294.86,1305.06
11/7/2016,1290.06,1295.9,1278.23,1281.64
11/8/2016,1281.64,1290.76,1272.95,1275.68
11/9/2016,1275.68,1337.38,1268.3,1277.98
11/10/2016,1277.98,1292.34,1252.44,1259.2
11/11/2016,1259.06,1265.49,1219.25,1227.64
11/14/2016,1228.14,1231.38,1211.68,1221.35
11/15/2016,1221.35,1231.65,1219,1228.73
11/16/2016,1228.73,1233.18,1221.55,1224.99
11/17/2016,1224.99,1231.52,1211.13,1216.42
11/18/2016,1216.42,1217.94,1202.96,1207.89
11/21/2016,1206.36,1217.76,1205.73,1214.23
11/22/2016,1214.23,1221.16,1206.21,1212.32
11/23/2016,1212.39,1215.06,1181.84,1188.32
11/24/2016,1188.32,1190.98,1180.38,1181.67
11/25/2016,1181.67,1193.33,1171.18,1183.56
11/28/2016,1184.77,1197.72,1182.95,1194
11/29/2016,1194,1195.28,1181.15,1188.31
11/30/2016,1188.45,1195.02,1170.78,1173.2
12/1/2016,1173.21,1176.82,1160.8,1171.69
12/2/2016,1171.69,1178.13,1164.92,1177.43
12/5/2016,1181.19,1188.18,1157.26,1170.38
12/6/2016,1170.31,1175.42,1167.03,1169.85
12/7/2016,1169.85,1180.32,1165.76,1173.98
12/8/2016,1173.98,1178.79,1169.29,1170.78
12/9/2016,1170.78,1172.16,1156.45,1159.86
12/12/2016,1159.28,1165.92,1151.44,1162.22
12/13/2016,1162.22,1165.09,1154.69,1158.54
12/14/2016,1158.54,1165.28,1139.48,1142.95
12/15/2016,1142.98,1146.1,1122.89,1128.5
12/16/2016,1128.5,1141.38,1126.1,1134.88
12/19/2016,1133.95,1142.44,1133.93,1138.21
12/20/2016,1138.21,1139.84,1125.87,1132.35
12/21/2016,1132.35,1137.22,1129.49,1131.61
12/22/2016,1131.61,1134.17,1127.9,1128.38
12/23/2016,1128.38,1135.84,1128.14,1133.3
12/27/2016,1133.95,1150.75,1131.78,1138.78
12/28/2016,1138.78,1144.56,1136.47,1141.67
12/29/2016,1141.67,1159.48,1141.64,1158.19
12/30/2016,1158.05,1163.34,1147.36,1147.5
1/3/2017,1150.59,1164.5,1146.17,1158.84
1/4/2017,1158.84,1168.03,1156.3,1163.65
1/5/2017,1163.65,1185.14,1163.1,1180.12
1/6/2017,1180.12,1182.76,1171.05,1172.63
1/9/2017,1172.66,1186.24,1172.02,1181.1
1/10/2017,1181.1,1190.65,1180.29,1187.88
1/11/2017,1187.88,1198.4,1177.28,1191.62
1/12/2017,1191.62,1207.07,1190.84,1195.43
1/13/2017,1195.43,1200.83,1187.94,1197.34
1/16/2017,1197.21,1208.72,1196.86,1202.73
1/17/2017,1202.75,1218.92,1202.53,1217.07
1/18/2017,1217.07,1217.93,1202.48,1204.3
1/19/2017,1204.23,1206.65,1195.95,1204.85
1/20/2017,1204.85,1214.88,1198.68,1210.32
1/23/2017,1209.74,1219.55,1209.39,1218.23
1/24/2017,1218.23,1220.26,1206.73,1208.94
1/25/2017,1208.94,1209.85,1193.38,1200.69
1/26/2017,1200.69,1202.77,1184.52,1188.5
1/27/2017,1188.5,1191.69,1180.66,1191.2
1/30/2017,1192.95,1199.52,1188.33,1195.7
1/31/2017,1195.7,1215.46,1193.84,1210.72
2/1/2017,1210.72,1213.32,1198.24,1209.84
2/2/2017,1209.84,1225.39,1208.53,1215.96
2/3/2017,1215.96,1221.52,1207.29,1220.3
2/6/2017,1220.35,1235.7,1219.27,1235.53
2/7/2017,1235.53,1235.82,1227.8,1233.85
2/8/2017,1233.85,1244.8,1230.15,1241.53
2/9/2017,1241.53,1244.59,1225.69,1228.36
2/10/2017,1228.36,1237.23,1221.78,1233.62
2/13/2017,1232.9,1233.17,1219.42,1225.26
2/14/2017,1225.26,1234.65,1221.98,1228.13
2/15/2017,1228.13,1233.76,1216.78,1233.7
2/16/2017,1233.7,1242.46,1232.21,1239.04
2/17/2017,1239.04,1243.88,1234.34,1234.6
2/20/2017,1235.25,1239.08,1232.85,1238.47
2/21/2017,1238.47,1239.06,1226.23,1235.74
2/22/2017,1235.88,1240.72,1231.29,1237.44
2/23/2017,1237.44,1251.22,1235.83,1249.56
2/24/2017,1249.48,1260.23,1247.86,1257.19
2/27/2017,1257.9,1263.94,1251.05,1252.73
2/28/2017,1252.73,1258.48,1247.74,1248.44
3/1/2017,1248.47,1250.73,1237.01,1249.69
3/2/2017,1249.69,1250.16,1231.06,1234.25
3/3/2017,1234.25,1236.34,1222.94,1234.81
3/6/2017,1233.74,1236.95,1224.99,1225.29
3/7/2017,1225.29,1227.27,1214.25,1215.86
3/8/2017,1215.86,1218.65,1206.73,1208.31
3/9/2017,1208.31,1209.09,1199.35,1201.24
3/10/2017,1201.2,1206.43,1195.08,1204.64
3/13/2017,1205.68,1211.3,1202.51,1204.3
3/14/2017,1204.3,1207.71,1197.42,1199.12
3/15/2017,1199.02,1222.09,1197.59,1219.88
3/16/2017,1219.88,1233.81,1218.19,1226.61
3/17/2017,1226.61,1231.74,1224.54,1229.26
3/20/2017,1229.36,1235.62,1229.21,1234.24
3/21/2017,1234.24,1247.65,1226.97,1244.81
3/22/2017,1244.81,1251.42,1243.14,1248.84
3/23/2017,1248.84,1253.28,1242.88,1245.2
3/24/2017,1245.2,1251.97,1241.04,1243.57
3/27/2017,1246.04,1261.08,1246.04,1254.86
3/28/2017,1254.86,1258.49,1247.76,1251.82
3/29/2017,1251.82,1254.78,1247.38,1253.45
3/30/2017,1253.33,1253.93,1242.51,1242.64
3/31/2017,1242.64,1250.67,1239.77,1249.2
4/3/2017,1250.14,1253.8,1244.58,1253.5
4/4/2017,1253.5,1261.34,1253.34,1256.28
4/5/2017,1256.28,1257.41,1243.81,1255.76
4/6/2017,1255.76,1259.01,1249.9,1251.7
4/7/2017,1251.7,1270.87,1250.68,1254.53
4/10/2017,1253.94,1257.2,1247.23,1254.68
4/11/2017,1254.68,1275.25,1253.18,1274.86
4/12/2017,1274.86,1286.87,1272.03,1286.78
4/13/2017,1286.78,1288.67,1281.92,1287.92
4/14/2017,1287.92,1290.59,1283.78,1285.69
4/17/2017,1290.3,1295.56,1281.45,1284.71
4/18/2017,1284.71,1292.4,1279.05,1289.76
4/19/2017,1289.74,1291.14,1274.27,1280.21
4/20/2017,1280.21,1283.52,1276.71,1281.9
4/21/2017,1281.9,1288.34,1278.58,1284.44
4/24/2017,1284.9,1284.99,1265.51,1276.31
4/25/2017,1276.31,1278.27,1261.69,1264.13
4/26/2017,1264.08,1270.67,1260.06,1269.22
4/27/2017,1269.23,1270.7,1261.34,1264.3
4/28/2017,1264.3,1268.99,1263.19,1268.28
5/1/2017,1268.43,1271.27,1254.29,1256.58
5/2/2017,1256.5,1257.89,1252.07,1256.76
5/3/2017,1256.76,1257.81,1236.03,1238.17
5/4/2017,1238.17,1241.37,1225.79,1228.16
5/5/2017,1228.16,1235.69,1226.21,1228.01
5/8/2017,1222.9,1236.63,1221.21,1226.23
5/9/2017,1226.22,1228.67,1214.39,1221.23
5/10/2017,1221.23,1225.74,1217.67,1219.1
5/11/2017,1219.1,1227.79,1216,1225.04
5/12/2017,1225.03,1231.82,1224.36,1228.43
5/15/2017,1228.43,1237.4,1227.02,1230.82
5/16/2017,1230.82,1239.19,1230.41,1237.24
5/17/2017,1237.48,1261.48,1236.55,1261.36
5/18/2017,1261.36,1265.08,1246.09,1247.07
5/19/2017,1246.83,1256.53,1246.4,1255.93
5/22/2017,1257.3,1262.68,1251.85,1260.63
5/23/2017,1260.65,1263.88,1250.56,1251.22
5/24/2017,1251.22,1259.17,1247.99,1258.73
5/25/2017,1258.73,1259.76,1253.93,1255.67
5/26/2017,1255.69,1269.55,1253.24,1266.76
5/29/2017,1268.43,1269.18,1265.12,1268.1
5/30/2017,1266.92,1270.6,1259.48,1263.09
5/31/2017,1263.09,1274.17,1259.68,1268.92
6/1/2017,1268.92,1270.4,1261.6,1265.96
6/2/2017,1265.94,1279.62,1259.18,1279.17
6/5/2017,1280.05,1283.51,1277.84,1279.8
6/6/2017,1279.8,1296.15,1279.54,1294.39
6/7/2017,1294.39,1295.22,1282.76,1287.15
6/8/2017,1287.15,1289.02,1271.43,1278.01
6/9/2017,1278.01,1282.1,1264.73,1266.76
6/12/2017,1267.46,1270.41,1263.71,1266.18
6/13/2017,1266.2,1269.03,1259.36,1266.55
6/14/2017,1266.55,1280.77,1257.28,1260.86
6/15/2017,1260.86,1266.69,1251.58,1253.98
6/16/2017,1253.98,1257.23,1251.89,1253.73
6/19/2017,1254.3,1255.77,1243.14,1243.84
6/20/2017,1243.84,1248.14,1241.4,1243.01
6/21/2017,1243.01,1247.91,1240.98,1246.48
6/22/2017,1246.48,1254.89,1245.38,1250.51
6/23/2017,1250.51,1258.97,1249.85,1256.71
6/26/2017,1257.3,1258.2,1236.43,1244.72
6/27/2017,1244.72,1253.22,1241.43,1247.17
6/28/2017,1247.15,1255.01,1246.44,1249.27
6/29/2017,1249.26,1253.23,1239.85,1245.51
6/30/2017,1245.51,1248.29,1239.4,1241.61
7/3/2017,1241.85,1242.82,1218.26,1220.2
7/4/2017,1220.2,1226.59,1219.71,1223.42
7/5/2017,1223.68,1228.92,1217.54,1227.04
7/6/2017,1227.03,1229.35,1222.63,1225.22
7/7/2017,1225.23,1228.62,1207.43,1212.46
7/10/2017,1212.95,1215.72,1204.9,1214.36
7/11/2017,1214.34,1217.72,1208.29,1217.72
7/12/2017,1217.72,1225.8,1213.57,1220.51
7/13/2017,1220.51,1224.5,1216.66,1217.58
7/14/2017,1217.74,1232.95,1214.9,1228.7
7/17/2017,1229.13,1236.1,1228.36,1234.11
7/18/2017,1234.11,1244.66,1232.91,1242.47
7/19/2017,1242.47,1244.09,1236.05,1241.25
7/20/2017,1241.25,1247.64,1235.37,1244.49
7/21/2017,1244.55,1255.82,1243.46,1254.98
7/24/2017,1255.44,1258.9,1252.03,1255.3
7/25/2017,1255.3,1257.89,1249.19,1250.06
7/26/2017,1250.06,1263.57,1243.87,1260.53
7/27/2017,1260.53,1265.38,1254.61,1259.15
7/28/2017,1259.15,1270.93,1257.48,1269.64
7/31/2017,1270.23,1271.23,1265.85,1269.44
8/1/2017,1269.44,1274.16,1262.66,1268.76
8/2/2017,1268.76,1272.92,1263,1266.65
8/3/2017,1266.65,1270.92,1257.02,1268.6
8/4/2017,1268.6,1270.33,1254.29,1258.88
8/7/2017,1258.83,1260,1255.87,1257.85
8/8/2017,1257.85,1265.31,1251.61,1260.96
8/9/2017,1260.96,1278.85,1260.53,1277.3
8/10/2017,1277.55,1287.92,1274.74,1286.53
8/11/2017,1286.53,1292.1,1281.5,1289.31
8/14/2017,1290.44,1290.44,1278.69,1282.15
8/15/2017,1282.15,1284.47,1267.39,1271.53
8/16/2017,1271.53,1283.94,1267.9,1283.11
8/17/2017,1283.11,1290.2,1281.83,1288.15
8/18/2017,1288.15,1300.92,1283.64,1284.13
8/21/2017,1283.93,1293.85,1280.7,1291.88
8/22/2017,1291.88,1292.61,1282.1,1285.08
8/23/2017,1285.08,1291.57,1282.84,1290.96
8/24/2017,1290.96,1291.31,1284.62,1286.4
8/25/2017,1286.4,1294.57,1276.36,1291.35
8/28/2017,1292.6,1312.08,1291.92,1310.13
8/29/2017,1310.33,1326.08,1305.11,1309.23
8/30/2017,1309.23,1313.78,1305.28,1308.6
8/31/2017,1308.59,1323.7,1298.46,1321.43
9/1/2017,1321.43,1328.91,1316.52,1325.23
9/4/2017,1336.39,1339.81,1331.89,1333.87
9/5/2017,1335.27,1344.44,1326.27,1339.71
9/6/2017,1339.95,1342.55,1331.75,1334.22
9/7/2017,1334.31,1349.98,1332.61,1349.22
9/8/2017,1349.22,1357.61,1342.88,1346.59
9/11/2017,1337.67,1340.01,1326.47,1327.54
9/12/2017,1327.54,1332.19,1322.71,1331.81
9/13/2017,1331.81,1337.18,1320.95,1322.37
9/14/2017,1323.21,1330.82,1315.8,1329.74
9/15/2017,1329.74,1334.42,1319.56,1320.18
9/18/2017,1319.64,1320.14,1304.71,1307.44
9/19/2017,1307.44,1311.8,1305.26,1311.15
9/20/2017,1311.15,1316.13,1296.14,1301.1
9/21/2017,1301.09,1301.75,1288.2,1291.2
9/22/2017,1291.2,1298.79,1289.79,1297.3
9/25/2017,1298.05,1312.21,1289.62,1310.78
9/26/2017,1310.79,1313.74,1292.33,1293.98
9/27/2017,1293.98,1296.25,1281.56,1282.78
9/28/2017,1282.78,1288.87,1277.83,1287.3
9/29/2017,1287.29,1290.38,1276.16,1279.75
10/2/2017,1279.86,1280.34,1269.77,1271.13
10/3/2017,1271.13,1274.76,1268.41,1271.66
10/4/2017,1271.66,1282.29,1269.01,1274.85
10/5/2017,1274.85,1279.07,1266.64,1268.22
10/6/2017,1268.46,1276.87,1260.67,1276.68
10/9/2017,1276.42,1285.52,1275.38,1284.05
10/10/2017,1284.05,1294.31,1282.2,1288.03
10/11/2017,1288.03,1293.62,1284.67,1291.72
10/12/2017,1291.72,1297.54,1289.75,1293.72
10/13/2017,1293.72,1303.93,1291.24,1303.82
10/16/2017,1303.38,1306.11,1290.6,1295.79
10/17/2017,1295.81,1297.17,1281.49,1285.12
10/18/2017,1285.12,1288.95,1277.04,1281.08
10/19/2017,1281.08,1290.73,1276.51,1290.13
10/20/2017,1290.13,1291.17,1278.05,1280.47
10/23/2017,1279.55,1283.4,1272.61,1282.27
10/24/2017,1282.41,1283.73,1273.81,1276.58
10/25/2017,1276.58,1280.1,1271.09,1277.53
10/26/2017,1277.53,1282.62,1265.85,1266.99
10/27/2017,1266.99,1274.7,1263.85,1273.35
10/30/2017,1273.14,1278.93,1269.05,1276.29
10/31/2017,1276.29,1278.23,1267.78,1271.45
11/1/2017,1271.45,1280.98,1268.05,1274.66
11/2/2017,1274.66,1284.23,1273.17,1276.13
11/3/2017,1276,1280.08,1265.6,1269.91
11/6/2017,1270.06,1283.04,1266.15,1281.95
11/7/2017,1281.95,1282.22,1271.95,1275.3
11/8/2017,1275.3,1287.31,1275.03,1281.36
11/9/2017,1281.36,1288.52,1279.76,1285.07
11/10/2017,1285.07,1287.15,1273.5,1275.07
11/13/2017,1274.93,1279.82,1274.33,1278.31
11/14/2017,1278.31,1283.67,1270.1,1280.25
11/15/2017,1280.25,1289.61,1276.8,1278.14
11/16/2017,1278.14,1281.82,1275.22,1278.58
11/17/2017,1278.58,1297.05,1278.38,1292.42
11/20/2017,1294.24,1294.88,1274.6,1276.92
11/21/2017,1276.92,1284.79,1276.32,1280.61
11/22/2017,1280.61,1294.75,1279.15,1292.12
11/23/2017,1292.12,1293.64,1287.1,1291.47
11/24/2017,1291.47,1293.31,1285.74,1288.37
11/27/2017,1288.65,1299.29,1286.83,1294.52
11/28/2017,1294.52,1297.48,1290.76,1293.98
11/29/2017,1293.99,1296.76,1282.12,1283.64
11/30/2017,1283.64,1285.36,1270.42,1275.01
12/1/2017,1275.01,1289.35,1271.71,1280.62
12/4/2017,1280.4,1280.4,1271.19,1276.18
12/5/2017,1276.18,1277.15,1261.04,1265.77
12/6/2017,1265.77,1269.34,1262.61,1263.37
12/7/2017,1263.37,1264.59,1244.02,1247.22
12/8/2017,1247.22,1252.45,1244.11,1248.49
12/11/2017,1247.76,1251.61,1240.81,1242.02
12/12/2017,1242.02,1246.29,1236.55,1244.49
12/13/2017,1244.49,1257.18,1240.37,1255.5
12/14/2017,1255.44,1259.16,1250.55,1252.96
12/15/2017,1252.93,1261.87,1249.06,1256.44
12/18/2017,1255.01,1264.05,1252.82,1262.26
12/19/2017,1262.26,1265.34,1259.3,1261.7
12/20/2017,1261.7,1267.98,1261.45,1265.57
12/21/2017,1265.55,1269.06,1262.89,1266.6
12/22/2017,1266.6,1276.29,1265.07,1274.16
12/26/2017,1275.19,1284.48,1273.54,1283.1
12/27/2017,1283.07,1289.07,1281.39,1287.18
12/28/2017,1287.18,1295.25,1286.74,1295.04
12/29/2017,1295.04,1307.66,1293.87,1302.8
1/2/2018,1303.45,1319.01,1302.59,1317.56
1/3/2018,1317.56,1321.56,1307.6,1313.21
1/4/2018,1313.21,1326.07,1305.98,1323.01
1/5/2018,1323.01,1323.47,1313.77,1319.59
1/8/2018,1319.59,1322.2,1314.91,1320.4
1/9/2018,1320.4,1320.75,1308.97,1312.85
1/10/2018,1312.85,1327.77,1308.33,1316.89
1/11/2018,1316.87,1324.02,1315.79,1322.44
1/12/2018,1322.44,1339.42,1321.67,1337.64
1/15/2018,1336.84,1344.81,1336.09,1339.99
1/16/2018,1339.99,1342.36,1331.97,1338.41
1/17/2018,1338.42,1344.05,1326.2,1326.84
1/18/2018,1326.84,1333.18,1324.33,1327.03
1/19/2018,1327.08,1338.17,1326.45,1331.84
1/22/2018,1335.19,1335.8,1328.51,1333.92
1/23/2018,1333.92,1341.88,1331.45,1341.21
1/24/2018,1341.48,1362.1,1339.6,1358.46
1/25/2018,1358.46,1366.15,1342.55,1348.26
1/26/2018,1348.26,1357.2,1344.68,1349.12
1/29/2018,1350.06,1352.44,1337.71,1340.33
1/30/2018,1340.33,1348.98,1334.54,1338.59
1/31/2018,1338.59,1347.63,1332.82,1345.14
2/1/2018,1345.01,1351.08,1337.34,1348.79
2/2/2018,1348.79,1350.15,1327.46,1333.39
2/5/2018,1331.66,1341.53,1329.08,1339.67
2/6/2018,1339.67,1346.21,1320.26,1324.16
2/7/2018,1324.21,1332.36,1311.51,1318.39
2/8/2018,1318.31,1322.23,1307.17,1318.76
2/9/2018,1318.76,1322.81,1311.25,1316.65
2/12/2018,1315.05,1326.8,1314.28,1322.7
2/13/2018,1322.7,1331.1,1321.68,1329.55
2/14/2018,1329.55,1355.62,1317.91,1350.73
2/15/2018,1350.73,1357.2,1348.67,1353.67
2/16/2018,1353.67,1361.82,1344.87,1346.96
2/19/2018,1347.65,1351.47,1345.9,1346.46
2/20/2018,1346.53,1348.3,1328.54,1329.19
2/21/2018,1329.19,1336.31,1322.5,1324.63
2/22/2018,1324.63,1332.31,1321.04,1332.05
2/23/2018,1332.05,1332.54,1325.9,1328.71
2/26/2018,1328.25,1341.06,1326.66,1333.68
2/27/2018,1333.68,1336.8,1313.55,1318.36
2/28/2018,1318.36,1322.55,1315.69,1318.31
3/1/2018,1318.28,1321.15,1302.89,1317.03
3/2/2018,1317.03,1325.49,1315.29,1322.75
3/5/2018,1322.84,1327.83,1317.61,1320.11
3/6/2018,1320.11,1338.58,1320.05,1334.56
3/7/2018,1334.56,1340.59,1322.27,1325.57
3/8/2018,1325.57,1329.08,1319.11,1321.99
3/9/2018,1321.99,1325.25,1312.96,1323.93
3/12/2018,1323.84,1324.38,1315.18,1323.1
3/13/2018,1323.1,1328.36,1314.17,1326.51
3/14/2018,1326.5,1330.11,1321.55,1324.85
3/15/2018,1324.85,1328,1315.03,1316.1
3/16/2018,1316.1,1321.82,1309.74,1314.24
3/19/2018,1313.4,1319.7,1307.86,1316.85
3/20/2018,1316.85,1318.34,1307.23,1311.31
3/21/2018,1311.31,1336.7,1309.92,1332.24
3/22/2018,1332.24,1335.01,1324.88,1329.03
3/23/2018,1329.03,1350.33,1328.88,1347.33
3/26/2018,1347.27,1356.02,1343.57,1353.5
3/27/2018,1353.5,1356.92,1339.89,1345.05
3/28/2018,1345.05,1347.07,1323.54,1325.01
3/29/2018,1325.01,1328.39,1321.31,1325.5
3/30/2018,1325.5,1325.61,1325.43,1325.48
4/2/2018,1325.82,1344.96,1324.94,1341.29
4/3/2018,1341.29,1342.56,1328.97,1332.74
4/4/2018,1332.74,1348.3,1330.99,1333.19
4/5/2018,1333.19,1334.99,1322.79,1326.57
4/6/2018,1326.57,1335.51,1319.92,1333.03
4/9/2018,1333.92,1338.03,1326.95,1336.35
4/10/2018,1336.35,1342.64,1331.18,1339.64
4/11/2018,1339.62,1365.22,1339.26,1353.38
4/12/2018,1353.38,1353.38,1333.84,1334.94
4/13/2018,1334.94,1347.18,1333.54,1346.2
4/16/2018,1346.43,1350.56,1340.34,1345.93
4/17/2018,1345.93,1349.48,1337.77,1347.52
4/18/2018,1347.52,1355.73,1342.35,1349.41
4/19/2018,1349.41,1354.77,1341.03,1345.53
4/20/2018,1345.54,1346.41,1334,1336.36
4/23/2018,1334.43,1335.57,1322.15,1324.83
4/24/2018,1324.83,1332.75,1322.11,1330.35
4/25/2018,1330.35,1332.14,1318.83,1323.13
4/26/2018,1323.13,1326.59,1315.36,1316.8
4/27/2018,1316.8,1325.33,1315.48,1324
4/30/2018,1322.79,1325.5,1310.27,1315.39
5/1/2018,1315.39,1316.43,1301.79,1303.85
5/2/2018,1303.85,1313.5,1303.76,1304.96
5/3/2018,1304.96,1318.17,1304.64,1312.06
5/4/2018,1312.06,1315.44,1308.06,1314.5
5/7/2018,1313.46,1319.1,1310.04,1314.21
5/8/2018,1314.21,1317.88,1306.14,1314.63
5/9/2018,1314.63,1317.5,1304.34,1312.72
5/10/2018,1312.72,1322.9,1310.86,1321.6
5/11/2018,1321.6,1326.03,1316.63,1319.3
5/14/2018,1318.35,1322.4,1313.05,1313.5
5/15/2018,1313.5,1314.91,1288.78,1290.53
5/16/2018,1290.53,1296.96,1286.46,1290.73
5/17/2018,1290.73,1294.46,1285.24,1290.79
5/18/2018,1290.79,1294.24,1286.16,1293.04
5/21/2018,1290.8,1293.19,1282.18,1292.6
5/22/2018,1292.6,1296.21,1288.01,1291.14
5/23/2018,1291.14,1298.62,1288.01,1293.41
5/24/2018,1293.41,1306.69,1292.83,1304.63
5/25/2018,1304.63,1307.81,1299.7,1302.25
5/28/2018,1300.17,1300.37,1295.6,1299.04
5/29/2018,1298.2,1306.64,1293.04,1298.77
5/30/2018,1298.77,1304.4,1296.03,1301.38
5/31/2018,1301.38,1306.55,1297.75,1298.51
6/1/2018,1298.51,1300.67,1289.49,1293.4
6/4/2018,1292.76,1298.14,1290.32,1292.02
6/5/2018,1292.02,1300.57,1289.88,1296.4
6/6/2018,1296.4,1301.84,1293.9,1296.4
6/7/2018,1296.4,1303.19,1294.97,1297.18
6/8/2018,1297.18,1300.65,1293.28,1298.17
6/11/2018,1299.78,1302.28,1294.18,1300.49
6/12/2018,1300.49,1300.61,1293.35,1295.97
6/13/2018,1295.93,1301.25,1292.24,1299.31
6/14/2018,1299.31,1309.37,1297.64,1302.25
6/15/2018,1302.29,1303.21,1275.49,1278.94
6/18/2018,1278.03,1282.48,1277.11,1278.32
6/19/2018,1278.32,1284.13,1270.52,1274.66
6/20/2018,1274.66,1276.49,1267.69,1267.86
6/21/2018,1267.86,1270.17,1261.5,1267.19
6/22/2018,1267.18,1271.18,1266.79,1270.56
6/25/2018,1271.14,1272.65,1264.53,1265.64
6/26/2018,1265.62,1267.73,1254.85,1259.04
6/27/2018,1259.03,1260.12,1250.84,1252.35
6/28/2018,1252.35,1254.32,1246.02,1248.25
6/29/2018,1248.25,1255.68,1246.26,1252.6
7/2/2018,1251.74,1254.3,1239.77,1242.04
7/3/2018,1242.03,1256.91,1237.98,1252.73
7/4/2018,1252.73,1261.18,1252.05,1254.99
7/5/2018,1255.45,1259.82,1251.37,1257.91
7/6/2018,1257.91,1258.91,1252.88,1255.48
7/9/2018,1255.3,1265.99,1254.91,1257.68
7/10/2018,1257.69,1260.37,1247.41,1255.54
7/11/2018,1255.57,1256.96,1241.61,1241.96
7/12/2018,1241.97,1248.6,1241.41,1247.39
7/13/2018,1247.39,1248.19,1236.56,1244.32
7/16/2018,1241.18,1245.64,1238.42,1240.93
7/17/2018,1240.93,1245.06,1226.16,1227.54
7/18/2018,1227.54,1229.24,1221.17,1227.51
7/19/2018,1227.51,1229.25,1211.63,1222.97
7/20/2018,1222.97,1232.91,1215.76,1229.53
7/23/2018,1231.68,1235.18,1222.37,1224.5
7/24/2018,1224.5,1229.58,1218.25,1224.52
7/25/2018,1224.52,1234.2,1223.31,1231.63
7/26/2018,1231.63,1235.23,1222.44,1222.69
7/27/2018,1222.69,1227.43,1217.61,1224.22
7/30/2018,1223.13,1225.13,1219.11,1221.45
7/31/2018,1221.46,1228.59,1214.04,1224.15
8/1/2018,1224.02,1224.9,1215.88,1215.96
8/2/2018,1215.96,1221.17,1207.18,1207.83
8/3/2018,1207.86,1220.05,1204.58,1214.9
8/6/2018,1213.97,1217.93,1206.42,1207.64
8/7/2018,1207.64,1216.23,1207.43,1210.97
8/8/2018,1210.96,1215.9,1206.62,1213.88
8/9/2018,1213.88,1217.37,1210.84,1212.47
8/10/2018,1212.47,1217.09,1205.89,1210.57
8/13/2018,1211.29,1213.94,1191.8,1193.5
8/14/2018,1193.5,1198.79,1192.15,1194.09
8/15/2018,1194.05,1195.28,1173.2,1174.85
8/16/2018,1174.83,1182.08,1160.39,1174.16
8/17/2018,1174.15,1185.9,1172,1184.25
8/20/2018,1183.69,1190.91,1182.86,1190.48
8/21/2018,1190.48,1197.1,1187.76,1195.99
8/22/2018,1195.99,1201.64,1192.66,1195.8
8/23/2018,1195.79,1198.21,1183.97,1185.56
8/24/2018,1185.34,1208.59,1183.22,1205.35
8/27/2018,1207.38,1212.4,1203.22,1211.38
8/28/2018,1211.32,1214.35,1199.73,1201
8/29/2018,1201,1207.35,1200.42,1206.6
8/30/2018,1206.6,1207.96,1196.36,1199.98
8/31/2018,1199.98,1208.94,1198.36,1201.15
9/3/2018,1200.66,1203.93,1195.8,1201.27
9/4/2018,1201.02,1202.05,1189.69,1191.52
9/5/2018,1191.52,1198.45,1190.96,1196.73
9/6/2018,1196.73,1207.06,1195.88,1199.98
9/7/2018,1199.98,1203.58,1193.53,1196.93
9/10/2018,1195.37,1198.56,1191.56,1195.88
9/11/2018,1195.88,1199.46,1187.78,1198.59
9/12/2018,1198.57,1208.54,1192.78,1206.24
9/13/2018,1206.24,1212.73,1200.26,1201.47
9/14/2018,1201.47,1208.61,1191.93,1194.85
9/17/2018,1194.53,1204.89,1192.89,1201.46
9/18/2018,1201.41,1203.6,1195.93,1198.36
9/19/2018,1198.37,1206.26,1197.75,1204.04
9/20/2018,1204.04,1208.5,1201.39,1207.18
9/21/2018,1207.18,1211.1,1191.95,1200.04
9/24/2018,1199.03,1204.21,1194.49,1199.03
9/25/2018,1199.03,1203.41,1197.17,1201.22
9/26/2018,1201.22,1202.54,1190.61,1194.44
9/27/2018,1194.37,1198.65,1181.96,1182.83
9/28/2018,1182.83,1193.81,1180.89,1190.88
10/1/2018,1190.68,1192.15,1184.64,1188.99
10/2/2018,1188.99,1208.32,1188.61,1203.32
10/3/2018,1203.29,1208.32,1196.69,1197.35
10/4/2018,1197.35,1206.8,1196.08,1199.92
10/5/2018,1199.92,1205.85,1197.34,1203.63
10/8/2018,1203.41,1204.17,1182.96,1188.08
10/9/2018,1188.08,1191.97,1183.43,1189.77
10/10/2018,1189.77,1194.94,1185.44,1194.79
10/11/2018,1194.79,1226.42,1191.34,1224.09
10/12/2018,1224.09,1224.62,1215.04,1217.05
10/15/2018,1217.21,1233.33,1217.19,1227.06
10/16/2018,1227.09,1232.47,1223.5,1224.95
10/17/2018,1224.95,1229.57,1220.67,1222.29
10/18/2018,1222.29,1230.16,1218.78,1225.81
10/19/2018,1225.82,1230.86,1223.22,1226.49
10/22/2018,1226.63,1229.67,1220.16,1222.1
10/23/2018,1222.1,1239.84,1221.74,1230.3
10/24/2018,1230.3,1234.37,1225.73,1233.79
10/25/2018,1233.79,1239.24,1228.19,1232.17
10/26/2018,1232.17,1243.48,1230.15,1233.53
10/29/2018,1234.1,1235.45,1224.4,1229.42
10/30/2018,1229.42,1230.67,1219.96,1222.93
10/31/2018,1222.93,1225.13,1212.03,1214.76
11/1/2018,1214.76,1237.44,1214.54,1233.43
11/2/2018,1233.43,1236.52,1229.82,1232.89
11/5/2018,1233.25,1235.19,1226.95,1231.49
11/6/2018,1231.49,1235.96,1223.59,1227.19
11/7/2018,1227.05,1236.46,1223.1,1226.49
11/8/2018,1226.49,1227.22,1220.23,1224
11/9/2018,1223.98,1224.89,1206.83,1209.65
11/12/2018,1209.38,1211.54,1200.31,1200.37
11/13/2018,1200.37,1205.27,1196.34,1202.23
11/14/2018,1202.23,1216.65,1197.78,1210.88
11/15/2018,1210.88,1216.51,1207.89,1213.36
11/16/2018,1213.36,1225.38,1213.24,1223.36
11/19/2018,1221.91,1225.26,1218.09,1224.17
11/20/2018,1224.17,1228.84,1220,1221.66
11/21/2018,1221.66,1230.1,1219.81,1226.04
11/22/2018,1226.04,1229.22,1224.95,1228.64
11/23/2018,1227.48,1228.61,1220.42,1223.05
11/26/2018,1223.67,1228.11,1221.78,1222.4
11/27/2018,1222.4,1225.31,1212.03,1215.05
11/28/2018,1215.05,1226.75,1211.27,1221.23
11/29/2018,1221.25,1229.01,1220.5,1224.21
11/30/2018,1224.24,1225.63,1216.77,1220.52
12/3/2018,1221.7,1234.99,1221.52,1230.67
12/4/2018,1230.67,1241.97,1230.6,1238.54
12/5/2018,1238.54,1239.47,1233.44,1237.29
12/6/2018,1237.29,1244.37,1234.83,1237.78
12/7/2018,1237.78,1250.09,1237.38,1249.31
12/10/2018,1250.26,1251.09,1241.68,1244.46
12/11/2018,1244.46,1249.6,1241.1,1243.25
12/12/2018,1243.25,1247.27,1242.07,1245.66
12/13/2018,1245.66,1246.81,1240.21,1241.99
12/14/2018,1241.99,1243.09,1233.02,1239.02
12/17/2018,1236.15,1248.19,1235.87,1245.85
12/18/2018,1245.86,1250.44,1245.19,1249.42
12/19/2018,1249.42,1258.09,1241.82,1243.08
12/20/2018,1243.08,1266.55,1242.81,1259.86
12/21/2018,1259.86,1262.8,1254.03,1256.94
12/24/2018,1257.96,1270.35,1257.96,1269.22
12/25/2018,1269.13,1269.13,1268.54,1268.54
12/26/2018,1268.64,1279.11,1264.39,1267.14
12/27/2018,1267.14,1279.04,1266.65,1275.71
12/28/2018,1275.71,1282.23,1274.31,1280.71
12/31/2018,1279.85,1284.15,1277.52,1282.49
1/1/2019,1282.49,1282.62,1282.49,1282.6
1/2/2019,1282.9,1288.83,1278.75,1284.59
1/3/2019,1284.59,1294.99,1281.55,1294.28
1/4/2019,1294.28,1298.6,1276.74,1286.05
1/7/2019,1286.04,1295.13,1282.71,1289.21
1/8/2019,1289.21,1290.25,1279.49,1285.39
1/9/2019,1285.39,1293.92,1280.19,1293.56
1/10/2019,1293.13,1297.13,1286.18,1286.65
1/11/2019,1286.65,1295.22,1285.84,1290.25
1/14/2019,1287.74,1295.93,1287.65,1291.72
1/15/2019,1291.72,1294.79,1286.85,1289.51
1/16/2019,1289.51,1295.05,1287.99,1293.67
1/17/2019,1293.67,1295.38,1288.82,1292.05
1/18/2019,1292.05,1292.57,1280.47,1282.11
1/21/2019,1282.32,1283.6,1276.82,1280.47
1/22/2019,1280.47,1285.59,1277.5,1285.22
1/23/2019,1285.22,1286.6,1278.75,1282.72
1/24/2019,1282.72,1284.88,1276.86,1281.21
1/25/2019,1281.21,1305.44,1280.03,1305.25
1/28/2019,1303.16,1304.52,1297.71,1303.36
1/29/2019,1303.36,1312.02,1302.01,1311.79
1/30/2019,1311.72,1323.43,1309.1,1319.91
1/31/2019,1319.91,1326.33,1317.51,1321.25
2/1/2019,1321.25,1323.56,1316.24,1317.98
2/4/2019,1318.86,1319.11,1308.73,1312.25
2/5/2019,1312.25,1316.95,1310.8,1315.32
2/6/2019,1315.33,1315.87,1305.83,1306.6
2/7/2019,1306.6,1312,1302.85,1310.11
2/8/2019,1310.11,1315.71,1307.83,1314.29
2/11/2019,1313.72,1314.95,1303.74,1308.12
2/12/2019,1308.13,1314.85,1306.56,1310.8
2/13/2019,1310.8,1318.24,1305.13,1306.27
2/14/2019,1306.29,1314.41,1302.48,1312.57
2/15/2019,1312.59,1322.64,1311.49,1322.49
2/18/2019,1321.56,1327.71,1320.69,1326.89
2/19/2019,1326.14,1341.86,1322.94,1340.94
2/20/2019,1340.94,1346.8,1336.97,1338.44
2/21/2019,1338.44,1341.6,1321.58,1323.63
2/22/2019,1323.63,1333.13,1321.56,1329.4
2/25/2019,1329.56,1332.68,1325.23,1327.58
2/26/2019,1327.58,1330.25,1323.61,1328.96
2/27/2019,1328.96,1329.95,1317.01,1319.86
2/28/2019,1319.86,1327.35,1312.69,1313.32
3/1/2019,1313.32,1315.28,1290.24,1293.44
3/4/2019,1295,1297.11,1282.92,1286.74
3/5/2019,1286.76,1289.68,1281.25,1288.01
3/6/2019,1288.01,1291.01,1283.69,1286.36
3/7/2019,1286.34,1289.09,1280.94,1285.61
3/8/2019,1285.61,1300.81,1285.28,1298.3
3/11/2019,1298.01,1299.18,1290.56,1293.35
3/12/2019,1293.35,1302.3,1292.07,1301.58
3/13/2019,1301.54,1311.33,1300.66,1309.12
3/14/2019,1309.1,1310.46,1292.9,1296.17
3/15/2019,1296.15,1306.48,1294.07,1302.4
3/18/2019,1302.58,1306.8,1298.29,1303.71
3/19/2019,1303.71,1310.95,1302.42,1306.56
3/20/2019,1306.56,1317.08,1298.77,1312.53
3/21/2019,1312.53,1320.45,1303.33,1309.36
3/22/2019,1309.31,1315.01,1306.85,1313.68
3/25/2019,1313.5,1324.63,1311.06,1321.9
3/26/2019,1321.9,1323.32,1312.75,1315.71
3/27/2019,1315.71,1319.36,1308.21,1309.55
3/28/2019,1309.55,1312.35,1288.64,1290.42
3/29/2019,1290.42,1299.85,1286.81,1292.38
4/1/2019,1292.48,1297.1,1286.58,1287.72
4/2/2019,1287.72,1292.67,1285.33,1292.46
4/3/2019,1292.46,1294.68,1288.48,1289.93
4/4/2019,1289.93,1294.48,1280.95,1292.21
4/5/2019,1292.21,1294.5,1284.43,1291.76
4/8/2019,1291.9,1303.79,1291.55,1297.48
4/9/2019,1297.48,1306.26,1296.68,1304.1
4/10/2019,1304.1,1310.67,1301,1307.99
4/11/2019,1307.99,1309.31,1289.73,1292.52
4/12/2019,1292.51,1295.89,1290.15,1290.43
4/15/2019,1290.82,1292.04,1282.59,1287.95
4/16/2019,1287.95,1288.8,1273.02,1276.79
4/17/2019,1276.8,1279.87,1273.12,1273.98
4/18/2019,1273.99,1277.75,1271.26,1275.82
4/19/2019,1275.82,1276.79,1274.48,1275.52
4/22/2019,1275.9,1279.91,1273.9,1274.99
4/23/2019,1274.96,1276.58,1266.42,1272.42
4/24/2019,1272.41,1278.65,1268.83,1275.76
4/25/2019,1275.76,1282.66,1273.39,1277.17
4/26/2019,1277.17,1288.76,1274.42,1286.16
4/29/2019,1287.13,1287.37,1278.14,1279.9
4/30/2019,1279.9,1286.27,1279.72,1283.53
5/1/2019,1283.53,1287.32,1273.04,1276.76
5/2/2019,1276.76,1278.45,1266.35,1270.69
5/3/2019,1270.68,1282.62,1268.68,1279.11
5/6/2019,1279.67,1285.86,1277.1,1281.1
5/7/2019,1281.1,1286.24,1278.25,1284.43
5/8/2019,1284.43,1291.56,1279.43,1280.88
5/9/2019,1280.88,1288.29,1279.7,1284.08
5/10/2019,1284.08,1289.51,1283.2,1286.05
5/13/2019,1286.52,1301.35,1282.02,1299.91
5/14/2019,1299.91,1303.41,1293.81,1296.92
5/15/2019,1296.92,1300.94,1293.1,1296.49
5/16/2019,1296.47,1298.82,1284.16,1286.72
5/17/2019,1286.72,1288.99,1274.93,1277.53
5/20/2019,1277.53,1279.06,1273.71,1277.82
5/21/2019,1277.82,1278.99,1269.58,1274.68
5/22/2019,1274.71,1277.36,1272.54,1273.34
5/23/2019,1273.31,1287.35,1272.81,1283.45
5/24/2019,1283.45,1285.55,1280.83,1284.93
5/27/2019,1284.71,1287.47,1283.87,1285.36
5/28/2019,1285.17,1286.7,1276.21,1279.33
5/29/2019,1279.33,1285.61,1279.19,1279.78
5/30/2019,1279.78,1289.31,1275.05,1288.65
5/31/2019,1288.66,1307,1288.05,1305.58
6/3/2019,1306.39,1328.04,1306.16,1325.31
6/4/2019,1325.31,1329.14,1320.05,1325.52
6/5/2019,1325.52,1344.16,1324.48,1330.32
6/6/2019,1330.32,1339.85,1327.31,1335.33
6/7/2019,1335.35,1348.31,1330.34,1340.86
6/10/2019,1340.94,1340.94,1325.2,1327.98
6/11/2019,1327.98,1329.94,1319.94,1326.84
6/12/2019,1326.84,1338.46,1326.1,1333.58
6/13/2019,1333.59,1343.22,1332.43,1342.31
6/14/2019,1342.31,1358.26,1337.85,1341.7
6/17/2019,1342.04,1343.6,1333.09,1339.66
6/18/2019,1339.66,1354.67,1338.7,1346.61
6/19/2019,1346.61,1362.71,1341.45,1360.38
6/20/2019,1360.38,1394.11,1357.73,1388.44
6/21/2019,1388.44,1411.63,1382.62,1399.63
6/24/2019,1399.55,1421.45,1399.55,1419.72
6/25/2019,1419.72,1439.21,1411.96,1423.44
6/26/2019,1423.44,1425.65,1402.06,1409
6/27/2019,1408.99,1412.21,1398.77,1409.78
6/28/2019,1409.75,1424.72,1405.78,1409.55
7/1/2019,1394.95,1397.87,1381.9,1384.19
7/2/2019,1384.18,1419.77,1383.34,1418.65
7/3/2019,1418.65,1437.88,1412.1,1418.78
7/4/2019,1418.78,1421.75,1410.34,1416.08
7/5/2019,1416.08,1424.3,1386.8,1399.45
7/8/2019,1398.98,1407.67,1391.84,1395.53
7/9/2019,1395.52,1400.07,1385.87,1397.61
7/10/2019,1397.61,1419.02,1390,1419.02
7/11/2019,1419,1427.23,1401.6,1403.81
7/12/2019,1403.81,1416.96,1403.22,1415.75
7/15/2019,1415.86,1419.79,1407.81,1414.13
7/16/2019,1414.15,1418.35,1401.08,1406.23
7/17/2019,1406.15,1426.86,1400.14,1426.57
7/18/2019,1426.55,1448.16,1414.73,1446.1
7/19/2019,1446.12,1453.09,1420.23,1425.37
7/22/2019,1425.11,1430.07,1422.28,1424.88
7/23/2019,1424.88,1430.23,1414.28,1417.83
7/24/2019,1417.81,1429.6,1416.39,1425.86
7/25/2019,1425.86,1433.84,1411.18,1414.58
7/26/2019,1414.58,1424.91,1413.66,1418.9
7/29/2019,1419.55,1428.21,1414.86,1426.8
7/30/2019,1426.8,1433.35,1422.38,1430.88
7/31/2019,1430.88,1434.82,1410.69,1413.78
8/1/2019,1413.76,1446.06,1400.58,1445.18
8/2/2019,1445.13,1448.4,1430.46,1440.83
8/5/2019,1440.6,1469.82,1436.8,1463.7
8/6/2019,1463.69,1474.93,1456.54,1474.42
8/7/2019,1474.42,1510.46,1472.36,1501.16
8/8/2019,1501.19,1509.63,1490.13,1500.95
8/9/2019,1500.95,1509.17,1494.88,1496.95
8/12/2019,1497.39,1520.04,1487.48,1511.16
8/13/2019,1511.16,1535.11,1480,1501.51
8/14/2019,1501.51,1524.13,1494.16,1516.36
8/15/2019,1516.38,1527.13,1508.07,1523.29
8/16/2019,1523.29,1528.1,1503.77,1513.52
8/19/2019,1511.72,1513.06,1493.32,1495.92
8/20/2019,1495.89,1508.66,1493,1507.2
8/21/2019,1507.2,1508.49,1496.6,1502.65
8/22/2019,1502.65,1504.65,1492.57,1498.06
8/23/2019,1498.06,1530.32,1493.58,1526.96
8/26/2019,1535.34,1555.07,1525.11,1527.31
8/27/2019,1527.31,1544.72,1525.78,1542.81
8/28/2019,1542.81,1546.94,1532.05,1539.01
8/29/2019,1539.01,1550.46,1519.86,1527.63
8/30/2019,1527.62,1533.17,1517.06,1520.38
9/2/2019,1521.71,1534.09,1519.32,1529.29
9/3/2019,1529.29,1549.81,1521.8,1547.1
9/4/2019,1547.1,1557.11,1533.93,1552.55
9/5/2019,1552.55,1554.11,1506.36,1519.05
9/6/2019,1519.05,1527.99,1502.65,1506.82
9/9/2019,1508.29,1515.58,1497.71,1499.13
9/10/2019,1499.13,1501.04,1484.65,1485.78
9/11/2019,1485.78,1498.3,1485.25,1497.2
9/12/2019,1497.2,1524.27,1489.3,1499.26
9/13/2019,1499.26,1509.07,1485.89,1488.53
9/16/2019,1503.79,1512.14,1496.01,1498.43
9/17/2019,1498.43,1507.15,1493.54,1501.38
9/18/2019,1501.38,1511.56,1483.49,1494
9/19/2019,1494,1504.55,1489.03,1499.03
9/20/2019,1499.03,1517.14,1498.03,1516.9
9/23/2019,1513.4,1526.89,1511.11,1522.24
9/24/2019,1522.24,1535.73,1515.7,1531.87
9/25/2019,1531.83,1535.22,1500.53,1504.05
9/26/2019,1504.05,1512.39,1500.61,1504.78
9/27/2019,1504.78,1507.46,1486.95,1497.01
9/30/2019,1495.18,1500.58,1464.55,1472.49
10/1/2019,1472.51,1487.31,1459.14,1479.14
10/2/2019,1479.14,1505.19,1474.59,1499.45
10/3/2019,1499.45,1519.65,1495.89,1505.19
10/4/2019,1505.18,1515.02,1495.97,1504.66
10/7/2019,1511.28,1511.31,1488.09,1493.5
10/8/2019,1493.5,1509.66,1487.03,1505.51
10/9/2019,1505.56,1512.44,1499.94,1505.57
10/10/2019,1505.57,1517.14,1491.23,1493.99
10/11/2019,1494.01,1503.23,1474.08,1489.01
10/14/2019,1488.44,1497.18,1482.93,1493.21
10/15/2019,1493.21,1498.53,1477.29,1481.01
10/16/2019,1481.01,1491.64,1477.11,1490.13
10/17/2019,1490.13,1497.45,1483.54,1491.87
10/18/2019,1491.85,1494.18,1484.95,1490.05
10/21/2019,1491,1495.28,1481.67,1484.5
10/22/2019,1484.5,1489.05,1480.91,1487.68
10/23/2019,1487.68,1496.35,1487.6,1492.12
10/24/2019,1492.12,1504.1,1488.09,1503.98
10/25/2019,1503.98,1518.02,1500.71,1504.63
10/28/2019,1504.72,1508.24,1490.09,1492.51
10/29/2019,1492.51,1494.83,1483.72,1487.72
10/30/2019,1487.72,1496.68,1481.33,1495.66
10/31/2019,1495.66,1514.29,1493.58,1512.99
11/1/2019,1512.99,1516.13,1503.36,1514.34
11/4/2019,1514.6,1514.88,1504.5,1509.82
11/5/2019,1509.82,1510.03,1479.5,1483.61
11/6/2019,1483.61,1494.26,1482.5,1490.57
11/7/2019,1490.57,1492.24,1460.7,1468.48
11/8/2019,1468.49,1473.01,1456.31,1459
11/11/2019,1459.81,1466.5,1448.29,1455.86
11/12/2019,1455.86,1460.49,1445.7,1456.32
11/13/2019,1456.32,1467.12,1455.87,1463.58
11/14/2019,1463.58,1474.72,1461.22,1471.4
11/15/2019,1471.4,1471.59,1462.48,1468.21
11/18/2019,1468.07,1474.05,1456.44,1471.51
11/19/2019,1471.51,1475.46,1464.88,1472.46
11/20/2019,1472.46,1478.92,1466.04,1471.61
11/21/2019,1471.61,1475.72,1462.43,1464.41
11/22/2019,1464.41,1473.28,1461.4,1461.93
11/25/2019,1461.3,1462.19,1454.11,1455.26
11/26/2019,1455.26,1462.97,1450.13,1461.39
11/27/2019,1461.39,1462.05,1452.67,1454.44
11/28/2019,1454.44,1458.33,1454.16,1456.27
11/29/2019,1455.99,1466.62,1453.09,1463.98
12/2/2019,1464.26,1465.43,1454.03,1462.44
12/3/2019,1462.44,1481.86,1459.91,1477.61
12/4/2019,1477.61,1484.09,1471.49,1474.59
12/5/2019,1474.6,1480.42,1472.94,1476
12/6/2019,1476.01,1479.73,1458.78,1460.17
12/9/2019,1459.7,1465.48,1458.78,1461.68
12/10/2019,1461.68,1469.25,1460.06,1464.39
12/11/2019,1464.39,1478.97,1462.78,1474.88
12/12/2019,1474.9,1486.83,1464.02,1469.8
12/13/2019,1469.8,1478.12,1462.54,1476.33
12/16/2019,1476.01,1479.97,1473.23,1476.18
12/17/2019,1476.18,1480.58,1474.26,1476.22
12/18/2019,1476.22,1479.36,1470.52,1475.4
12/19/2019,1475.4,1481.76,1473.33,1478.8
12/20/2019,1478.8,1481.06,1475.92,1478.22
12/23/2019,1478.59,1486.22,1477.5,1485.79
12/24/2019,1485.79,1500.63,1484.47,1499.41
12/25/2019,1499.82,1499.85,1499.4,1499.84
12/26/2019,1499.74,1512.68,1497.59,1511.53
12/27/2019,1511.53,1515.38,1507.42,1510.56
12/30/2019,1511.52,1516.19,1510.86,1515.16
12/31/2019,1515.15,1525.38,1514.75,1517.27
1/1/2020,1517.27,1518.2,1517.25,1517.29
1/2/2020,1519.15,1531.4,1517.29,1529.13
1/3/2020,1529.13,1553.52,1528.07,1552.2
1/6/2020,1560.84,1588.13,1560.64,1565.74
1/7/2020,1565.74,1577.41,1555.34,1574.37
1/8/2020,1574.37,1611.42,1552.3,1556.42
1/9/2020,1556.42,1561.39,1540.33,1552.32
1/10/2020,1552.33,1563.14,1545.8,1562.34
1/13/2020,1561.14,1561.17,1546.55,1547.88
1/14/2020,1547.88,1548.93,1536,1546.39
1/15/2020,1546.39,1558.2,1546,1556.25
1/16/2020,1556.24,1558.13,1548.09,1552.51
1/17/2020,1552.51,1561.31,1549.47,1557.24
1/20/2020,1557.9,1562.77,1556.43,1560.77
1/21/2020,1560.75,1568.67,1546.41,1558.17
1/22/2020,1558.16,1559.3,1550.29,1558.78
1/23/2020,1558.78,1567.97,1552.02,1562.94
1/24/2020,1562.94,1575.83,1556.62,1571.53
1/27/2020,1580.26,1588.68,1575.94,1582.06
1/28/2020,1582.06,1583.1,1565.64,1567.17
1/29/2020,1567.16,1578.03,1563.48,1576.83
1/30/2020,1576.83,1586.01,1572.4,1574.28
1/31/2020,1574.28,1590.57,1570.99,1589.16
2/3/2020,1590.79,1592.11,1569.79,1576.73
2/4/2020,1576.73,1579.65,1549.14,1552.92
2/5/2020,1552.92,1562.45,1547.57,1556.02
2/6/2020,1556.02,1568.31,1552.59,1566.66
2/7/2020,1566.66,1574.13,1560.97,1570.44
2/10/2020,1572.17,1577.05,1568.06,1572.15
2/11/2020,1572.15,1574.09,1562.18,1567.89
2/12/2020,1567.9,1570.52,1561.93,1566.06
2/13/2020,1566.06,1578.34,1563.71,1576
2/14/2020,1576.01,1585.08,1573.18,1584.06
2/17/2020,1583.81,1583.84,1578.93,1581.13
2/18/2020,1581.18,1605.19,1581.18,1601.61
2/19/2020,1601.61,1612.98,1599.58,1611.7
2/20/2020,1611.7,1623.73,1604.01,1619.56
2/21/2020,1619.56,1649.26,1619.05,1643.41
2/24/2020,1652.2,1689.31,1650.97,1659.38
2/25/2020,1659.38,1664.04,1625.22,1635.14
2/26/2020,1635.16,1655,1624.98,1640.96
2/27/2020,1640.95,1660.38,1635.33,1645.01
2/28/2020,1645.01,1649.51,1563.07,1585.69
3/2/2020,1592.29,1611.03,1575.41,1589.44
3/3/2020,1589.44,1649.38,1586.67,1640.9
3/4/2020,1640.9,1652.67,1631.96,1636.93
3/5/2020,1636.93,1674.74,1635.07,1672.23
3/6/2020,1672.23,1692.15,1642.73,1673.83
3/9/2020,1694.44,1703.39,1657.71,1680.47
3/10/2020,1680.47,1680.75,1641.75,1649.4
3/11/2020,1649.4,1671.31,1633.13,1635.04
3/12/2020,1635.05,1650.43,1560.87,1576.15
3/13/2020,1576.15,1597.98,1504.78,1529.83
3/16/2020,1571.12,1575.47,1451.55,1514.1
3/17/2020,1514.1,1553.91,1465.83,1528.3
3/18/2020,1528.33,1546.41,1473.04,1486.05
3/19/2020,1486.05,1501.13,1464.3,1471.24
3/20/2020,1471.24,1516.07,1455.06,1498.65
3/23/2020,1500.82,1561.42,1484.35,1553.23
3/24/2020,1553.23,1634.16,1553.17,1632.32
3/25/2020,1632.49,1642.55,1595.13,1616.9
3/26/2020,1617.15,1645.02,1593.15,1631.34
3/27/2020,1630.79,1640.4,1613.7,1628.16
3/30/2020,1638.83,1639.61,1611.93,1622.51
3/31/2020,1622.52,1625.02,1574.73,1577.18
4/1/2020,1577.18,1600.75,1569.07,1591.51
4/2/2020,1591.26,1620.49,1583.19,1613.99
4/3/2020,1613.99,1625.85,1606.98,1620.81
4/6/2020,1620.66,1669.54,1609.35,1660.97
4/7/2020,1660.09,1679.68,1642.92,1647.72
4/8/2020,1647.72,1657.08,1640.9,1646.14
4/9/2020,1646.16,1690.32,1642.08,1683.73
4/10/2020,1684.07,1696.65,1683.25,1696.65
4/13/2020,1688.18,1724.11,1676.03,1715.34
4/14/2020,1715.34,1747.36,1709.18,1726.97
4/15/2020,1726.97,1731.4,1708.29,1717.03
4/16/2020,1717.03,1738.7,1708.37,1717.7
4/17/2020,1717.69,1720.95,1679.94,1682.82
4/20/2020,1679.03,1702.9,1672.27,1695.65
4/21/2020,1695.64,1698.21,1659.55,1686.2
4/22/2020,1686.2,1718.76,1680.45,1714.08
4/23/2020,1714.08,1739.28,1707.36,1730.51
4/24/2020,1730.48,1736.42,1710.79,1729.6
4/27/2020,1728.73,1729.06,1706.3,1713.99
4/28/2020,1713.98,1714.49,1692.59,1707.79
4/29/2020,1707.77,1718,1697.94,1713.41
4/30/2020,1713.41,1721.68,1681.2,1686.5
5/1/2020,1686.5,1705.86,1670.71,1700.42
5/4/2020,1697.96,1714.67,1691.95,1702.07
5/5/2020,1701.96,1711.83,1690.82,1705.92
5/6/2020,1705.95,1708.41,1682.07,1685.71
5/7/2020,1685.71,1722.07,1676.81,1716.06
5/8/2020,1716.06,1723.13,1699.82,1702.7
5/11/2020,1703.35,1711.7,1691.99,1697.93
5/12/2020,1697.93,1711.21,1693.33,1702.7
5/13/2020,1702.56,1718.53,1699.31,1716.28
5/14/2020,1716.28,1736.55,1711.23,1730.3
5/15/2020,1730.35,1751.69,1728.99,1743.67
5/18/2020,1746.86,1765.43,1727.4,1732.55
5/19/2020,1732.55,1748.13,1726.28,1745.05
5/20/2020,1745.05,1754,1742.49,1748.18
5/21/2020,1748.18,1748.99,1717.02,1727
5/22/2020,1727,1740.29,1724.45,1734.68
5/25/2020,1735.85,1736.77,1721.24,1731.95
5/26/2020,1726.61,1735.67,1709.14,1710.58
5/27/2020,1710.61,1715.73,1694.31,1709.47
5/28/2020,1709.47,1727.65,1707.9,1718.33
5/29/2020,1718.33,1737.89,1712.5,1730.27
6/1/2020,1738.64,1744.69,1727.42,1739.55
6/2/2020,1739.55,1745.4,1721.45,1727.7
6/3/2020,1727.7,1732.34,1689.56,1699.67
6/4/2020,1699.67,1721.54,1697.13,1714.01
6/5/2020,1714.01,1716.39,1670.98,1685.06
6/8/2020,1683.43,1700.6,1677.83,1698.53
6/9/2020,1698.57,1720.97,1692.58,1715.33
6/10/2020,1715.33,1739.76,1708.13,1738.7
6/11/2020,1738.69,1744.73,1721.71,1727.7
6/12/2020,1727.7,1743.22,1722.26,1730.75
6/15/2020,1734.27,1734.33,1704.19,1725.16
6/16/2020,1725.17,1733.07,1716.85,1726.53
6/17/2020,1726.57,1730.22,1713.2,1726.95
6/18/2020,1726.95,1738.15,1717.62,1722.93
6/19/2020,1722.93,1745.26,1721.79,1743.87
6/22/2020,1751.51,1763.38,1742.46,1754.43
6/23/2020,1754.43,1771.14,1747.47,1768.41
6/24/2020,1768.41,1779.53,1760.67,1761.17
6/25/2020,1761.17,1768.88,1755.51,1763.79
6/26/2020,1763.78,1772.14,1747.62,1771.29
6/29/2020,1775.11,1775.17,1765.84,1772.82
6/30/2020,1772.82,1786.16,1764.7,1780.96
7/1/2020,1780.96,1789.28,1759.36,1770.09
7/2/2020,1770.09,1779.71,1757.77,1775.38
7/3/2020,1775.39,1777.36,1772.78,1775.95
7/6/2020,1775.3,1787.12,1770.19,1784.68
7/7/2020,1784.66,1797.39,1773.73,1794.86
7/8/2020,1794.86,1818.02,1791.67,1808.89
7/9/2020,1808.89,1816.15,1795.74,1803.55
7/10/2020,1803.53,1810.72,1794.24,1798.7
7/13/2020,1798.76,1813.59,1798.08,1802.76
7/14/2020,1802.78,1810.89,1790.79,1809.36
7/15/2020,1809.36,1814.92,1802.6,1810.29
7/16/2020,1810.3,1813.48,1794.98,1797.16
7/17/2020,1797.16,1812.03,1795.96,1810.42
7/20/2020,1808.84,1820.53,1805.95,1817.77
7/21/2020,1817.77,1843.47,1815.82,1841.91
7/22/2020,1841.97,1872.17,1841.2,1871.41
7/23/2020,1871.41,1898.34,1863.8,1887.44
7/24/2020,1887.44,1906.58,1881.91,1902.02
7/27/2020,1901.45,1945.72,1899.88,1942.24
7/28/2020,1942.24,1981.27,1907,1958.43
7/29/2020,1958.43,1980.81,1941.67,1970.79
7/30/2020,1970.82,1971.69,1939.39,1956.64
7/31/2020,1956.64,1983.36,1955.41,1975.86
8/3/2020,1980.52,1988.4,1960.53,1976.98
8/4/2020,1976.99,2019.92,1966.95,2019.21
8/5/2020,2019.21,2055.79,2009.77,2038.12
8/6/2020,2038.12,2069.79,2034.55,2063.54
8/7/2020,2063.54,2075.47,2015.58,2035.55
8/10/2020,2035.66,2049.98,2019.37,2027.34
8/11/2020,2027.34,2029.95,1901.71,1911.89
8/12/2020,1911.89,1949.4,1863.15,1915.83
8/13/2020,1915.83,1966.36,1912.87,1953.71
8/14/2020,1953.71,1962.49,1932.34,1945.12
8/17/2020,1947.29,1990.76,1929.75,1985.3
8/18/2020,1985.3,2015.67,1976.22,2002.44
8/19/2020,2002.44,2006.7,1924.94,1928.98
8/20/2020,1928.98,1955.49,1924.89,1947.26
8/21/2020,1947.26,1955.98,1911.61,1940.48
8/24/2020,1941.27,1961.89,1923.93,1928.88
8/25/2020,1928.88,1937.56,1914.31,1928.18
8/26/2020,1928.19,1954.93,1902.89,1954.46
8/27/2020,1954.45,1976.69,1910.13,1929.54
8/28/2020,1929.54,1973.92,1923.25,1964.83
8/31/2020,1965.26,1976.89,1954.39,1967.8
9/1/2020,1967.8,1992.51,1963.54,1970.18
9/2/2020,1970.18,1973.43,1932.75,1942.92
9/3/2020,1942.97,1951.27,1921.96,1930.91
9/4/2020,1930.9,1947.15,1916.42,1933.94
9/7/2020,1932.08,1941.4,1924.59,1933.64
9/8/2020,1929.93,1940.83,1906.66,1932.03
9/9/2020,1932.04,1950.92,1920.13,1946.84
9/10/2020,1946.84,1966.6,1941.39,1946.09
9/11/2020,1946.09,1954.85,1937.19,1940.55
9/14/2020,1940.64,1962.56,1937.32,1956.86
9/15/2020,1956.92,1972.3,1948.52,1954.15
9/16/2020,1954.15,1973.6,1949.93,1959.26
9/17/2020,1959.2,1960.95,1932.95,1944.44
9/18/2020,1944.43,1960.14,1943.98,1950.86
9/21/2020,1950.93,1955.69,1882.51,1912.51
9/22/2020,1912.51,1920.05,1894.72,1900.21
9/23/2020,1900.21,1905.4,1855.86,1863.34
9/24/2020,1863.32,1877.2,1848.88,1868.07
9/25/2020,1868.08,1875.2,1852.49,1861.58
9/28/2020,1860.95,1883.11,1848.8,1881.48
9/29/2020,1881.48,1899.14,1875.58,1898.07
9/30/2020,1898.07,1902.35,1881.48,1885.82
10/1/2020,1885.78,1912.01,1884.78,1906.01
10/2/2020,1906.01,1917.16,1889.93,1899.84
10/5/2020,1902.18,1918.81,1887.04,1913.53
10/6/2020,1913.53,1921.17,1874.86,1878.18
10/7/2020,1878.18,1898.12,1872.98,1887.42
10/8/2020,1887.51,1900.64,1881.99,1893.82
10/9/2020,1893.81,1930.64,1893.72,1930.4
10/12/2020,1928.5,1933.28,1918.44,1922.77
10/13/2020,1922.77,1925.49,1886.54,1891.36
10/14/2020,1891.36,1913,1882.53,1901.52
10/15/2020,1901.52,1908.97,1889.71,1908.71
10/16/2020,1908.72,1914.06,1897.93,1899.29
10/19/2020,1900.08,1918.61,1897.15,1904.08
10/20/2020,1904.08,1914.15,1894.74,1906.95
10/21/2020,1906.95,1931.38,1906.5,1924.33
10/22/2020,1924.33,1925.93,1894.72,1904.11
10/23/2020,1904.11,1914.31,1894.48,1902.05
10/26/2020,1902.51,1908.59,1891.38,1902.08
10/27/2020,1902.08,1911.46,1897.9,1907.99
10/28/2020,1907.99,1910.82,1869.53,1877.19
10/29/2020,1877.19,1885.03,1860.04,1867.59
10/30/2020,1867.59,1889.81,1864.5,1878.81
11/2/2020,1877.95,1896.04,1873.52,1895.48
11/3/2020,1895.48,1910.67,1887.08,1909.17
11/4/2020,1909.18,1916.59,1883.13,1902.92
11/5/2020,1902.92,1952.79,1902.32,1949.66
11/6/2020,1949.66,1960.44,1935.7,1951.35
11/9/2020,1955.14,1965.59,1850.51,1863.04
11/10/2020,1863.04,1890.53,1860.52,1877.32
11/11/2020,1877.32,1884.43,1856.45,1865.73
11/12/2020,1865.73,1883.93,1862.76,1876.83
11/13/2020,1876.83,1896.82,1873.94,1889.2
11/16/2020,1888.7,1899.15,1865.3,1888.95
11/17/2020,1888.95,1893.52,1877,1880.38
11/18/2020,1880.38,1884.9,1863.92,1872.24
11/19/2020,1872.24,1874.08,1852.81,1866.54
11/20/2020,1866.54,1879.81,1861.01,1870.99
11/23/2020,1870.36,1876.16,1831.08,1837.86
11/24/2020,1837.86,1839.14,1800.47,1807.59
11/25/2020,1807.59,1817.78,1801.78,1807.56
11/26/2020,1807.56,1818.33,1805.89,1815.8
11/27/2020,1809.65,1813.91,1774.42,1787.79
11/30/2020,1789.14,1790.04,1764.8,1776.95
12/1/2020,1776.96,1817.37,1775.91,1815.24
12/2/2020,1815.24,1832.56,1807.54,1831.28
12/3/2020,1831.28,1844.02,1823.87,1841.08
12/4/2020,1841.08,1848.21,1829.28,1838.86
12/7/2020,1838.42,1868.6,1822.51,1862.73
12/8/2020,1862.73,1875.39,1860.38,1870.56
12/9/2020,1870.59,1870.72,1825.81,1839.55
12/10/2020,1839.57,1850.12,1828.74,1836.57
12/11/2020,1836.58,1847.77,1824.26,1839.85
12/14/2020,1840.08,1840.09,1818.9,1827.35
12/15/2020,1827.35,1855.43,1825.61,1853.64
12/16/2020,1853.64,1865.82,1844.9,1864.8
12/17/2020,1864.8,1896.26,1862.11,1885.42
12/18/2020,1885.42,1889.79,1877.46,1881.35
12/21/2020,1881.7,1906.82,1855.41,1876.89
12/22/2020,1876.89,1884.33,1858.97,1860.84
12/23/2020,1860.84,1878.63,1857.23,1872.89
12/24/2020,1872.38,1883.91,1869.63,1883.46
12/28/2020,1883.19,1900.31,1869.36,1873.69
12/29/2020,1873.7,1886.52,1871.77,1878.18
12/30/2020,1878.18,1894.68,1876.18,1894.39
12/31/2020,1894.39,1900.89,1885.49,1898.36
1/1/2021,1898.36,1898.7,1898.29,1898.67
1/4/2021,1905.42,1944.52,1904.78,1942.9
1/5/2021,1942.9,1953.09,1934.43,1950.01
1/6/2021,1950.01,1959.35,1900.88,1918.61
1/7/2021,1918.61,1927.72,1906.96,1913.95
1/8/2021,1913.95,1917.55,1828.35,1849.01
1/11/2021,1848.48,1856.87,1817.49,1843.89
1/12/2021,1843.89,1863.81,1837.5,1854.77
1/13/2021,1854.77,1863,1842.08,1845.51
1/14/2021,1845.51,1857.59,1829.53,1846.53
1/15/2021,1846.53,1856.96,1823.42,1828.45
1/18/2021,1828.85,1841.26,1804.71,1841.26
1/19/2021,1838.24,1845.59,1833.19,1840.28
1/20/2021,1840.27,1872.12,1832.57,1871.84
1/21/2021,1871.82,1875.2,1858.42,1870.02
1/22/2021,1870.02,1870.9,1837.46,1855.61
1/25/2021,1854.73,1867.97,1847.23,1855.93
1/26/2021,1855.96,1861.77,1848.54,1850.92
1/27/2021,1850.92,1853.15,1831.51,1843.98
1/28/2021,1843.98,1864.24,1834.07,1843.17
1/29/2021,1843.16,1875.71,1839.66,1847.65
2/1/2021,1865.42,1871.85,1849.18,1860.78
2/2/2021,1860.78,1864.14,1829.62,1838.03
2/3/2021,1838.03,1844.96,1829.75,1834.04
2/4/2021,1834.04,1834.87,1785,1794.03
2/5/2021,1794.03,1815.23,1792.19,1814.11
2/8/2021,1815.93,1839.21,1807.86,1830.81
2/9/2021,1830.81,1848.6,1828.93,1838.32
2/10/2021,1838.32,1855.48,1834.23,1842.89
2/11/2021,1842.89,1847.58,1821.23,1825.51
2/12/2021,1825.51,1830.79,1810.67,1824.23
2/15/2021,1825.58,1827.1,1816.14,1818.86
2/16/2021,1817.35,1826.63,1789.6,1794.47
2/17/2021,1794.46,1795.14,1769.65,1776.13
2/18/2021,1776.13,1789.67,1768.45,1775.67
2/19/2021,1775.67,1791.7,1760.67,1784.25
2/22/2021,1783.02,1812.74,1780.86,1809.67
2/23/2021,1809.67,1816.03,1795.73,1805.73
2/24/2021,1805.73,1813.99,1783.67,1805.06
2/25/2021,1805.06,1805.74,1765.51,1770.56
2/26/2021,1770.56,1775.88,1717.34,1734.04
3/1/2021,1733.44,1759.93,1719.73,1725.04
3/2/2021,1725.04,1739.23,1707.22,1738.36
3/3/2021,1738.36,1740.69,1702.04,1711.23
3/4/2021,1711.22,1723.31,1690.49,1697.52
3/5/2021,1697.52,1707.77,1687.34,1700.64
3/8/2021,1703.6,1714.38,1676.89,1683.54
3/9/2021,1683.54,1720.61,1680.24,1716.1
3/10/2021,1716.1,1726.91,1708.28,1726.71
3/11/2021,1726.71,1739.94,1719.3,1722.6
3/12/2021,1722.6,1729.34,1699.26,1727.11
3/15/2021,1727.16,1734.63,1721.72,1731.67
3/16/2021,1731.68,1741.2,1726.28,1731.4
3/17/2021,1731.4,1751.69,1724.29,1745.33
3/18/2021,1745.33,1755.5,1719.28,1736.42
3/19/2021,1736.42,1746.79,1728.57,1745.23
3/22/2021,1745.43,1747.28,1727.41,1739.03
3/23/2021,1739.03,1742.59,1724.77,1727.07
3/24/2021,1727.07,1738.5,1723.94,1734.69
3/25/2021,1734.69,1745.52,1721.91,1726.93
3/26/2021,1726.93,1736.8,1721.69,1732.52
3/29/2021,1732.79,1733.45,1705.78,1712.2
3/30/2021,1712.2,1714.46,1678.79,1685.2
3/31/2021,1685.2,1715.35,1677.98,1707.71
4/1/2021,1707.71,1730.66,1705.86,1729.31
4/2/2021,1729.31,1733.94,1727.56,1728.87
4/5/2021,1727.78,1733.62,1721.38,1728.27
4/6/2021,1728.26,1745.51,1727.31,1743.27
4/7/2021,1743.27,1744.5,1730.75,1737.72
4/8/2021,1737.72,1758.77,1733.23,1755.84
4/9/2021,1755.84,1757.4,1731.32,1743.88
4/12/2021,1743.99,1745.07,1727.48,1732.76
4/13/2021,1732.76,1748.99,1723.77,1745.51
4/14/2021,1745.51,1749.38,1732.65,1736.43
4/15/2021,1736.44,1769.67,1734.45,1763.95
4/16/2021,1763.95,1783.85,1759.89,1776.51
4/19/2021,1777.1,1790.14,1766.81,1771.43
4/20/2021,1771.43,1780.48,1763.72,1778.75
4/21/2021,1778.75,1797.71,1776.39,1793.79
4/22/2021,1793.79,1797.93,1777.48,1783.94
4/23/2021,1783.94,1796.01,1770.04,1777.2
4/26/2021,1775.55,1783.54,1768.89,1781.38
4/27/2021,1781.39,1785.61,1773.82,1776.6
4/28/2021,1776.6,1782.63,1762.7,1781.68
4/29/2021,1781.68,1790.02,1756.23,1772.18
4/30/2021,1772.18,1773.71,1764.32,1769.13
5/3/2021,1769.04,1797.98,1766,1792.88
5/4/2021,1792.89,1799.12,1771.05,1779.06
5/5/2021,1779.06,1788.05,1770.51,1786.87
5/6/2021,1786.88,1818.11,1782.07,1815.22
5/7/2021,1815.22,1843.43,1812.86,1831.24
5/10/2021,1831.8,1845.51,1830.06,1836.07
5/11/2021,1836.07,1841.94,1818.13,1837.47
5/12/2021,1837.47,1843.8,1813.4,1815.69
5/13/2021,1815.69,1828.83,1808.86,1826.72
5/14/2021,1826.72,1845.6,1819.84,1843.43
5/17/2021,1842.79,1868.49,1841.26,1866.9
5/18/2021,1866.9,1875.1,1863.27,1869.44
5/19/2021,1869.44,1890.13,1852.25,1869.62
5/20/2021,1869.62,1883.89,1863.93,1877.21
5/21/2021,1877.21,1889.41,1870.21,1881.25
5/24/2021,1882.03,1887.07,1875.25,1881.02
5/25/2021,1881.02,1900.29,1872.78,1899.25
5/26/2021,1899.25,1912.76,1890.78,1896.67
5/27/2021,1896.68,1903.7,1888.34,1896.54
5/28/2021,1896.54,1905.88,1882.38,1903.77
